Workbook

Sheet Patients 
A1: PatientID | B1: Age | C1: Gender | D1: Ethnicity | E1: Postcode | F1: LongTermCondition
A2: 1 | B2: 54 | C2: Male | D2: White British | E2: SL1 | F2: Yes
A3: 2 | B3: 33 | C3: Female | D3: Black African | E3: EN3 | F3: No
A4: 3 | B4: 72 | C4: Female | D4: White British | E4: UB2 | F4: Yes
A5: 4 | B5: 41 | C5: Male | D5: Indian | E5: SL3 | F5: No
A6: 5 | B6: 65 | C6: Male | D6: Pakistani | E6: RG1 | F6: Yes
A7: 6 | B7: 29 | C7: Female | D7: White Other | E7: HP1 | F7: No
A8: 7 | B8: 58 | C8: Male | D8: Black Caribbean | E8: SL2 | F8: Yes
A9: 8 | B9: 47 | C9: Female | D9: Bangladeshi | E9: UB3 | F9: No
A10: 9 | B10: 36 | C10: Male | D10: White British | E10: SL1 | F10: No
A11: 10 | B11: 82 | C11: Female | D11: Chinese | E11: RG2 | F11: Yes
A12: 11 | B12: 23 | C12: Male | D12: White British | E12: HP2 | F12: No
A13: 12 | B13: 51 | C13: Female | D13: Indian | E13: SL4 | F13: Yes
... A1001: 1000 | B1001: 79 | C1001: Male | D1001: White British | E1001: SL4 | F1001: Yes

Sheet Average_waitingTime_by_deprtmt
A3: DepartmentID | B3: Average of WaitingTimeMinutes
A4: A&E (Emergency) | B4: 99.169231
A5: Cardiology | B5: 49.639344
A6: ENT | B6: 102.90476
A7: Gastroenterology | B7: 31.015873
A8: General Surgery | B8: 36.737705
A9: Geriatrics | B9: 43.47619
A10: Maternity | B10: 107.53125
A11: Neurology | B11: 32.3125
A12: Oncology | B12: 32.065574
A13: Orthopaedics | B13: 36.40625
A14: Paediatrics | B14: 114
A15: Renal Medicine | B15: 33.453125
... A17: Grand Total | B17: 63.550796

Sheet Admission_type_by_Outcome
A3: Count of AdmissionID | B3: AdmissionType
A4: Outcome | B4: Elective | C4: Emergency | D4: Transfer | E4: Grand Total
A5: Deceased | C5: 1 | E5: 1
A6: Discharged | B6: 411 | C6: 288 | D6: 47 | E6: 746
A7: Transferred | B7: 30 | C7: 26 | D7: 14 | E7: 70
A8: Grand Total | B8: 441 | C8: 315 | D8: 61 | E8: 817

Sheet AWT_by_staff_on_duty
A3: StaffOnDuty | B3: Average of WaitingTimeMinutes
A4: 7 | B4: 28
A5: 8 | B5: 119
A6: 9 | B6: 27
A7: 10 | B7: 95.75
A8: 11 | B8: 54.333333
A9: 12 | B9: 25.166667
A10: 13 | B10: 101.66667
A11: 14 | B11: 73
A12: 15 | B12: 106
A13: 16 | B13: 21.4
A14: 17 | B14: 18.5
A15: 18 | B15: 44
... A21: 24 | B21: 103.5
A22: (blank) | B22: 63.720207
A23: Grand Total | B23: 63.550796

Sheet Bed_availability
A3: DepartmentID | B3: Average of WaitingTimeMinutes | C3: Average of BedAvailable
A4: A&E (Emergency) | B4: 99.169231 | C4: 42
A5: Cardiology | B5: 49.639344 | C5: 38
A6: ENT | B6: 102.90476 | C6: 20
A7: Gastroenterology | B7: 31.015873 | C7: 29
A8: General Surgery | B8: 36.737705 | C8: 44
A9: Geriatrics | B9: 43.47619 | C9: 46
A10: Maternity | B10: 107.53125 | C10: 34
A11: Neurology | B11: 32.3125 | C11: 32
A12: Oncology | B12: 32.065574 | C12: 28
A13: Orthopaedics | B13: 36.40625 | C13: 40
A14: Paediatrics | B14: 114 | C14: 30
A15: Renal Medicine | B15: 33.453125 | C15: 26
... A17: Grand Total | B17: 63.550796 | C17: 34.221542

Sheet Admissions
A1: AdmissionID | B1: PatientID | C1: DepartmentID | D1: AdmissionDate | E1: DischargeDate | F1: AdmissionType | G1: LengthOfStay | H1: WaitingTimeMinutes | I1: Outcome | J1: BedPressureScore | K1: Lookupkey | L1: StaffOnDuty | M1: BedAvailable
A2: 1 | B2: 482 | C2: A&E (Emergency) | D2: 45660 | F2: Emergency | G2: 2 | H2: 122 | I2: Discharged | J2: =G2*(H2/30) -> 8.1333333 | K2: =TEXT(D2, "dd/mm/yyyy")&C2 -> 03/01/2025A&E (Emergency) | L2: =VLOOKUP(K2, Sheet2!$A$2:$B$4186, 2,FALSE) -> 22 | M2: =VLOOKUP(C2,Depts!$B$1:$D$16,3,FALSE) -> 42
A3: 2 | B3: 119 | C3: General Surgery | D3: 45661 | E3: 45666 | F3: Elective | G3: 5 | H3: 14 | I3: Discharged | J3: =G3*(H3/30) -> 2.3333333 | K3: =TEXT(D3, "dd/mm/yyyy")&C3 -> 04/01/2025General Surgery | L3: =VLOOKUP(K3, Sheet2!$A$2:$B$4186, 2,FALSE) -> 15 | M3: =VLOOKUP(C3,Depts!$B$1:$D$16,3,FALSE) -> 44
A4: 3 | B4: 877 | C4: Oncology | D4: 45662 | E4: 45669 | F4: Elective | G4: 7 | H4: 20 | I4: Discharged | J4: =G4*(H4/30) -> 4.6666667 | K4: =TEXT(D4, "dd/mm/yyyy")&C4 -> 05/01/2025Oncology | L4: =VLOOKUP(K4, Sheet2!$A$2:$B$4186, 2,FALSE) -> 12 | M4: =VLOOKUP(C4,Depts!$B$1:$D$16,3,FALSE) -> 28
A5: 4 | B5: 54 | C5: Respiratory | D5: 45663 | E5: 45665 | F5: Emergency | G5: 2 | H5: 230 | I5: Discharged | J5: =G5*(H5/30) -> 15.333333 | K5: =TEXT(D5, "dd/mm/yyyy")&C5 -> 06/01/2025Respiratory | L5: =VLOOKUP(K5, Sheet2!$A$2:$B$4186, 2,FALSE) -> 15 | M5: =VLOOKUP(C5,Depts!$B$1:$D$16,3,FALSE) -> 36
A6: 5 | B6: 691 | C6: Renal Medicine | D6: 45663 | E6: 45668 | F6: Elective | G6: 5 | H6: 10 | I6: Transferred | J6: =G6*(H6/30) -> 1.6666667 | K6: =TEXT(D6, "dd/mm/yyyy")&C6 -> 06/01/2025Renal Medicine | L6: =VLOOKUP(K6, Sheet2!$A$2:$B$4186, 2,FALSE) -> 21 | M6: =VLOOKUP(C6,Depts!$B$1:$D$16,3,FALSE) -> 26
A7: 6 | B7: 305 | C7: Cardiology | D7: 45664 | E7: 45667 | F7: Transfer | G7: 3 | H7: 35 | I7: Discharged | J7: =G7*(H7/30) -> 3.5 | K7: =TEXT(D7, "dd/mm/yyyy")&C7 -> 07/01/2025Cardiology | L7: =VLOOKUP(K7, Sheet2!$A$2:$B$4186, 2,FALSE) -> 17 | M7: =VLOOKUP(C7,Depts!$B$1:$D$16,3,FALSE) -> 38
A8: 7 | B8: 812 | C8: Neurology | D8: 45665 | E8: 45671 | F8: Elective | G8: 6 | H8: 2 | I8: Discharged | J8: =G8*(H8/30) -> 0.4 | K8: =TEXT(D8, "dd/mm/yyyy")&C8 -> 08/01/2025Neurology | L8: =VLOOKUP(K8, Sheet2!$A$2:$B$4186, 2,FALSE) -> 12 | M8: =VLOOKUP(C8,Depts!$B$1:$D$16,3,FALSE) -> 32
A9: 8 | B9: 147 | C9: A&E (Emergency) | D9: 45665 | E9: 45666 | F9: Emergency | G9: 1 | H9: 21 | I9: Discharged | J9: =G9*(H9/30) -> 0.7 | K9: =TEXT(D9, "dd/mm/yyyy")&C9 -> 08/01/2025A&E (Emergency) | L9: =VLOOKUP(K9, Sheet2!$A$2:$B$4186, 2,FALSE) -> 24 | M9: =VLOOKUP(C9,Depts!$B$1:$D$16,3,FALSE) -> 42
A10: 9 | B10: 529 | C10: Maternity | D10: 45666 | E10: 45670 | F10: Elective | G10: 4 | H10: 29 | I10: Discharged | J10: =G10*(H10/30) -> 3.8666667 | K10: =TEXT(D10, "dd/mm/yyyy")&C10 -> 09/01/2025Maternity | L10: =VLOOKUP(K10, Sheet2!$A$2:$B$4186, 2,FALSE) -> 12 | M10: =VLOOKUP(C10,Depts!$B$1:$D$16,3,FALSE) -> 34
A11: 10 | B11: 63 | C11: Orthopaedics | D11: 45667 | E11: 45672 | F11: Elective | G11: 5 | H11: 20 | I11: Discharged | J11: =G11*(H11/30) -> 3.3333333 | K11: =TEXT(D11, "dd/mm/yyyy")&C11 -> 10/01/2025Orthopaedics | L11: =VLOOKUP(K11, Sheet2!$A$2:$B$4186, 2,FALSE) -> 13 | M11: =VLOOKUP(C11,Depts!$B$1:$D$16,3,FALSE) -> 40
A12: 11 | B12: 914 | C12: Paediatrics | D12: 45667 | E12: 45669 | F12: Emergency | G12: 2 | H12: 77 | I12: Discharged | J12: =G12*(H12/30) -> 5.1333333 | K12: =TEXT(D12, "dd/mm/yyyy")&C12 -> 10/01/2025Paediatrics | L12: =VLOOKUP(K12, Sheet2!$A$2:$B$4186, 2,FALSE) -> 10 | M12: =VLOOKUP(C12,Depts!$B$1:$D$16,3,FALSE) -> 30
A13: 12 | B13: 372 | C13: Gastroenterology | D13: 45668 | E13: 45673 | F13: Elective | G13: 5 | H13: 43 | I13: Discharged | J13: =G13*(H13/30) -> 7.1666667 | K13: =TEXT(D13, "dd/mm/yyyy")&C13 -> 11/01/2025Gastroenterology | L13: =VLOOKUP(K13, Sheet2!$A$2:$B$4186, 2,FALSE) -> 7 | M13: =VLOOKUP(C13,Depts!$B$1:$D$16,3,FALSE) -> 29
A14: 13 | B14: 250 | C14: ENT | D14: 45669 | E14: 45671 | F14: Emergency | G14: 2 | H14: 238 | I14: Discharged | J14: =G14*(H14/30) -> 15.866667 | K14: =TEXT(D14, "dd/mm/yyyy")&C14 -> 12/01/2025ENT | L14: =VLOOKUP(K14, Sheet2!$A$2:$B$4186, 2,FALSE) -> 10 | M14: =VLOOKUP(C14,Depts!$B$1:$D$16,3,FALSE) -> 20
... A47: 46 | B47: 675 | C47: Renal Medicine | D47: 45689 | E47: 45694 | F47: Elective | G47: 5 | H47: 23 | I47: Discharged | J47: =G47*(H47/30) -> 3.8333333 | K47: =TEXT(D47, "dd/mm/yyyy")&C47 -> 01/02/2025Renal Medicine | L47: =VLOOKUP(K47, Sheet2!$A$2:$B$4186, 2,FALSE) -> 17 | M47: =VLOOKUP(C47,Depts!$B$1:$D$16,3,FALSE) -> 26
A48: 47 | B48: 56 | C48: Neurology | D48: 45690 | E48: 45696 | F48: Elective | G48: 6 | H48: 28 | I48: Discharged | J48: =G48*(H48/30) -> 5.6 | K48: =TEXT(D48, "dd/mm/yyyy")&C48 -> 02/02/2025Neurology | L48: =VLOOKUP(K48, Sheet2!$A$2:$B$4186, 2,FALSE) -> 9 | M48: =VLOOKUP(C48,Depts!$B$1:$D$16,3,FALSE) -> 32 | N48: =ISNUMBER(D48) -> TRUE
A49: 48 | B49: 779 | C49: Maternity | D49: 45690 | E49: 45692 | F49: Emergency | G49: 2 | H49: 143 | I49: Discharged | J49: =G49*(H49/30) -> 9.5333333 | K49: =TEXT(D49, "dd/mm/yyyy")&C49 -> 02/02/2025Maternity | L49: =VLOOKUP(K49, Sheet2!$A$2:$B$4186, 2,FALSE) -> 9 | M49: =VLOOKUP(C49,Depts!$B$1:$D$16,3,FALSE) -> 34 | N49: =ISNUMBER(D49) -> TRUE
A50: 49 | B50: 602 | C50: Orthopaedics | D50: 45691 | E50: 45696 | F50: Elective | G50: 5 | H50: 1 | I50: Discharged | J50: =G50*(H50/30) -> 0.16666667 | K50: =TEXT(D50, "dd/mm/yyyy")&C50 -> 03/02/2025Orthopaedics | L50: =VLOOKUP(K50, Sheet2!$A$2:$B$4186, 2,FALSE) -> 16 | M50: =VLOOKUP(C50,Depts!$B$1:$D$16,3,FALSE) -> 40 | N50: =ISNUMBER(D50) -> TRUE
A51: 50 | B51: 919 | C51: Paediatrics | D51: 45691 | E51: 45693 | F51: Emergency | G51: 2 | H51: 187 | I51: Discharged | J51: =G51*(H51/30) -> 12.466667 | K51: =TEXT(D51, "dd/mm/yyyy")&C51 -> 03/02/2025Paediatrics | L51: =VLOOKUP(K51, Sheet2!$A$2:$B$4186, 2,FALSE) -> 13 | M51: =VLOOKUP(C51,Depts!$B$1:$D$16,3,FALSE) -> 30 | N51: =ISNUMBER(D51) -> TRUE
A52: 51 | B52: 964 | C52: Gastroenterology | D52: 45692 | E52: 45697 | F52: Elective | G52: 5 | H52: 4 | I52: Discharged | J52: =G52*(H52/30) -> 0.66666667 | K52: =TEXT(D52, "dd/mm/yyyy")&C52 -> 04/02/2025Gastroenterology | L52: =VLOOKUP(K52, Sheet2!$A$2:$B$4186, 2,FALSE) -> 11 | M52: =VLOOKUP(C52,Depts!$B$1:$D$16,3,FALSE) -> 29 | N52: =ISNUMBER(D52) -> TRUE
A53: 52 | B53: 569 | C53: ENT | D53: 45693 | E53: 45695 | F53: Emergency | G53: 2 | H53: 131 | I53: Discharged | J53: =G53*(H53/30) -> 8.7333333 | K53: =TEXT(D53, "dd/mm/yyyy")&C53 -> 05/02/2025ENT | L53: =VLOOKUP(K53, Sheet2!$A$2:$B$4186, 2,FALSE) -> 12 | M53: =VLOOKUP(C53,Depts!$B$1:$D$16,3,FALSE) -> 20 | N53: =ISNUMBER(D53) -> TRUE
A54: 53 | B54: 191 | C54: Geriatrics | D54: 45693 | E54: 45699 | F54: Elective | G54: 6 | H54: 27 | I54: Discharged | J54: =G54*(H54/30) -> 5.4 | K54: =TEXT(D54, "dd/mm/yyyy")&C54 -> 05/02/2025Geriatrics | L54: =VLOOKUP(K54, Sheet2!$A$2:$B$4186, 2,FALSE) -> 14 | M54: =VLOOKUP(C54,Depts!$B$1:$D$16,3,FALSE) -> 46 | N54: =ISNUMBER(D54) -> TRUE
A55: 54 | B55: 166 | C55: Respiratory | D55: 45694 | E55: 45696 | F55: Emergency | G55: 2 | H55: 111 | I55: Discharged | J55: =G55*(H55/30) -> 7.4 | K55: =TEXT(D55, "dd/mm/yyyy")&C55 -> 06/02/2025Respiratory | L55: =VLOOKUP(K55, Sheet2!$A$2:$B$4186, 2,FALSE) -> 13 | M55: =VLOOKUP(C55,Depts!$B$1:$D$16,3,FALSE) -> 36 | N55: =ISNUMBER(D55) -> TRUE
A56: 55 | B56: 873 | C56: General Surgery | D56: 45695 | E56: 45700 | F56: Elective | G56: 5 | H56: 19 | I56: Discharged | J56: =G56*(H56/30) -> 3.1666667 | K56: =TEXT(D56, "dd/mm/yyyy")&C56 -> 07/02/2025General Surgery | L56: =VLOOKUP(K56, Sheet2!$A$2:$B$4186, 2,FALSE) -> 18 | M56: =VLOOKUP(C56,Depts!$B$1:$D$16,3,FALSE) -> 44 | N56: =ISNUMBER(D56) -> TRUE
A57: 56 | B57: 926 | C57: Cardiology | D57: 45695 | E57: 45698 | F57: Transfer | G57: 3 | H57: 40 | I57: Discharged | J57: =G57*(H57/30) -> 4 | K57: =TEXT(D57, "dd/mm/yyyy")&C57 -> 07/02/2025Cardiology | L57: =VLOOKUP(K57, Sheet2!$A$2:$B$4186, 2,FALSE) -> 15 | M57: =VLOOKUP(C57,Depts!$B$1:$D$16,3,FALSE) -> 38 | N57: =ISNUMBER(D57) -> TRUE
A58: 57 | B58: 329 | C58: Oncology | D58: 45696 | E58: 45701 | F58: Elective | G58: 5 | H58: 11 | I58: Discharged | J58: =G58*(H58/30) -> 1.8333333 | K58: =TEXT(D58, "dd/mm/yyyy")&C58 -> 08/02/2025Oncology | L58: =VLOOKUP(K58, Sheet2!$A$2:$B$4186, 2,FALSE) -> 13 | M58: =VLOOKUP(C58,Depts!$B$1:$D$16,3,FALSE) -> 28 | N58: =ISNUMBER(D58) -> TRUE
A59: 58 | B59: 401 | C59: A&E (Emergency) | D59: 45696 | E59: 45697 | F59: Emergency | G59: 1 | H59: 192 | I59: Discharged | J59: =G59*(H59/30) -> 6.4 | K59: =TEXT(D59, "dd/mm/yyyy")&C59 -> 08/02/2025A&E (Emergency) | L59: =VLOOKUP(K59, Sheet2!$A$2:$B$4186, 2,FALSE) -> 20 | M59: =VLOOKUP(C59,Depts!$B$1:$D$16,3,FALSE) -> 42 | N59: =ISNUMBER(D59) -> TRUE
... A507: 628 | B507: 881 | C507: Renal Medicine | D507: 45985 | E507: 45990 | F507: Elective | G507: 5 | H507: 44 | I507: Discharged | J507: =G507*(H507/30) -> 7.3333333 | K507: =TEXT(D507, "dd/mm/yyyy")&C507 -> 24/11/2025Renal Medicine | L507: =VLOOKUP(K507, Sheet2!$A$2:$B$4186, 2,FALSE) -> #N/A | M507: =VLOOKUP(C507,Depts!$B$1:$D$16,3,FALSE) -> 26 | N507: =ISNUMBER(D507) -> TRUE
A508: 629 | B508: 102 | C508: Neurology | D508: 45986 | E508: 31/11/2025 | F508: Elective | G508: 6 | H508: 31 | I508: Discharged | J508: =G508*(H508/30) -> 6.2 | K508: =TEXT(D508, "dd/mm/yyyy")&C508 -> 25/11/2025Neurology | L508: =VLOOKUP(K508, Sheet2!$A$2:$B$4186, 2,FALSE) -> #N/A | M508: =VLOOKUP(C508,Depts!$B$1:$D$16,3,FALSE) -> 32 | N508: =ISNUMBER(D508) -> TRUE
A509: 630 | B509: 342 | C509: Maternity | D509: 45986 | E509: 45988 | F509: Emergency | G509: 2 | H509: 192 | I509: Discharged | J509: =G509*(H509/30) -> 12.8 | K509: =TEXT(D509, "dd/mm/yyyy")&C509 -> 25/11/2025Maternity | L509: =VLOOKUP(K509, Sheet2!$A$2:$B$4186, 2,FALSE) -> #N/A | M509: =VLOOKUP(C509,Depts!$B$1:$D$16,3,FALSE) -> 34 | N509: =ISNUMBER(D509) -> TRUE
A510: 631 | B510: 189 | C510: Orthopaedics | D510: 45987 | E510: 31/11/2025 | F510: Elective | G510: 5 | H510: 41 | I510: Discharged | J510: =G510*(H510/30) -> 6.8333333 | K510: =TEXT(D510, "dd/mm/yyyy")&C510 -> 26/11/2025Orthopaedics | L510: =VLOOKUP(K510, Sheet2!$A$2:$B$4186, 2,FALSE) -> #N/A | M510: =VLOOKUP(C510,Depts!$B$1:$D$16,3,FALSE) -> 40 | N510: =ISNUMBER(D510) -> TRUE
A511: 632 | B511: 836 | C511: Paediatrics | D511: 45987 | E511: 45989 | F511: Emergency | G511: 2 | H511: 238 | I511: Discharged | J511: =G511*(H511/30) -> 15.866667 | K511: =TEXT(D511, "dd/mm/yyyy")&C511 -> 26/11/2025Paediatrics | L511: =VLOOKUP(K511, Sheet2!$A$2:$B$4186, 2,FALSE) -> #N/A | M511: =VLOOKUP(C511,Depts!$B$1:$D$16,3,FALSE) -> 30 | N511: =ISNUMBER(D511) -> TRUE
A512: 633 | B512: 14 | C512: Gastroenterology | D512: 45988 | E512: 45992 | F512: Elective | G512: 5 | H512: 12 | I512: Discharged | J512: =G512*(H512/30) -> 2 | K512: =TEXT(D512, "dd/mm/yyyy")&C512 -> 27/11/2025Gastroenterology | L512: =VLOOKUP(K512, Sheet2!$A$2:$B$4186, 2,FALSE) -> #N/A | M512: =VLOOKUP(C512,Depts!$B$1:$D$16,3,FALSE) -> 29 | N512: =ISNUMBER(D512) -> TRUE
A513: 634 | B513: 449 | C513: ENT | D513: 45989 | E513: 45991 | F513: Emergency | G513: 2 | H513: 120 | I513: Discharged | J513: =G513*(H513/30) -> 8 | K513: =TEXT(D513, "dd/mm/yyyy")&C513 -> 28/11/2025ENT | L513: =VLOOKUP(K513, Sheet2!$A$2:$B$4186, 2,FALSE) -> #N/A | M513: =VLOOKUP(C513,Depts!$B$1:$D$16,3,FALSE) -> 20 | N513: =ISNUMBER(D513) -> TRUE
A514: 635 | B514: 93 | C514: Geriatrics | D514: 45989 | E514: 45994 | F514: Elective | G514: 6 | H514: 32 | I514: Discharged | J514: =G514*(H514/30) -> 6.4 | K514: =TEXT(D514, "dd/mm/yyyy")&C514 -> 28/11/2025Geriatrics | L514: =VLOOKUP(K514, Sheet2!$A$2:$B$4186, 2,FALSE) -> #N/A | M514: =VLOOKUP(C514,Depts!$B$1:$D$16,3,FALSE) -> 46 | N514: =ISNUMBER(D514) -> TRUE
A515: 636 | B515: 738 | C515: Respiratory | D515: 45990 | E515: 31/11/2025 | F515: Emergency | G515: 2 | H515: 111 | I515: Discharged | J515: =G515*(H515/30) -> 7.4 | K515: =TEXT(D515, "dd/mm/yyyy")&C515 -> 29/11/2025Respiratory | L515: =VLOOKUP(K515, Sheet2!$A$2:$B$4186, 2,FALSE) -> #N/A | M515: =VLOOKUP(C515,Depts!$B$1:$D$16,3,FALSE) -> 36 | N515: =ISNUMBER(D515) -> TRUE
A516: 637 | B516: 390 | C516: General Surgery | D516: 45991 | E516: 45995 | F516: Elective | G516: 5 | H516: 25 | I516: Discharged | J516: =G516*(H516/30) -> 4.1666667 | K516: =TEXT(D516, "dd/mm/yyyy")&C516 -> 30/11/2025General Surgery | L516: =VLOOKUP(K516, Sheet2!$A$2:$B$4186, 2,FALSE) -> #N/A | M516: =VLOOKUP(C516,Depts!$B$1:$D$16,3,FALSE) -> 44 | N516: =ISNUMBER(D516) -> TRUE
A517: 638 | B517: 582 | C517: Cardiology | D517: 45991 | E517: 45993 | F517: Transfer | G517: 3 | H517: 17 | I517: Transferred | J517: =G517*(H517/30) -> 1.7 | K517: =TEXT(D517, "dd/mm/yyyy")&C517 -> 30/11/2025Cardiology | L517: =VLOOKUP(K517, Sheet2!$A$2:$B$4186, 2,FALSE) -> #N/A | M517: =VLOOKUP(C517,Depts!$B$1:$D$16,3,FALSE) -> 38 | N517: =ISNUMBER(D517) -> TRUE
A518: 639 | B518: 944 | C518: Oncology | D518: 31/11/2025 | E518: 45996 | F518: Elective | G518: 5 | H518: 42 | I518: Discharged | J518: =G518*(H518/30) -> 7 | K518: =TEXT(D518, "dd/mm/yyyy")&C518 -> 31/11/2025Oncology | L518: =VLOOKUP(K518, Sheet2!$A$2:$B$4186, 2,FALSE) -> #N/A | M518: =VLOOKUP(C518,Depts!$B$1:$D$16,3,FALSE) -> 28 | N518: =ISNUMBER(D518) -> FALSE
A519: 640 | B519: 659 | C519: A&E (Emergency) | D519: 31/11/2025 | E519: 45992 | F519: Emergency | G519: 1 | H519: 21 | I519: Discharged | J519: =G519*(H519/30) -> 0.7 | K519: =TEXT(D519, "dd/mm/yyyy")&C519 -> 31/11/2025A&E (Emergency) | L519: =VLOOKUP(K519, Sheet2!$A$2:$B$4186, 2,FALSE) -> #N/A | M519: =VLOOKUP(C519,Depts!$B$1:$D$16,3,FALSE) -> 42 | N519: =ISNUMBER(D519) -> FALSE
A520: 641 | B520: 126 | C520: Renal Medicine | D520: 45992 | E520: 45997 | F520: Elective | G520: 5 | H520: 15 | I520: Discharged | J520: =G520*(H520/30) -> 2.5 | K520: =TEXT(D520, "dd/mm/yyyy")&C520 -> 01/12/2025Renal Medicine | L520: =VLOOKUP(K520, Sheet2!$A$2:$B$4186, 2,FALSE) -> #N/A | M520: =VLOOKUP(C520,Depts!$B$1:$D$16,3,FALSE) -> 26 | N520: =ISNUMBER(D520) -> TRUE
A521: 642 | B521: 50 | C521: Neurology | D521: 45993 | E521: 45999 | F521: Elective | G521: 6 | H521: 10 | I521: Discharged | J521: =G521*(H521/30) -> 2 | K521: =TEXT(D521, "dd/mm/yyyy")&C521 -> 02/12/2025Neurology | L521: =VLOOKUP(K521, Sheet2!$A$2:$B$4186, 2,FALSE) -> #N/A | M521: =VLOOKUP(C521,Depts!$B$1:$D$16,3,FALSE) -> 32 | N521: =ISNUMBER(D521) -> TRUE
A522: 643 | B522: 300 | C522: Maternity | D522: 45993 | E522: 45995 | F522: Emergency | G522: 2 | H522: 185 | I522: Discharged | J522: =G522*(H522/30) -> 12.333333 | K522: =TEXT(D522, "dd/mm/yyyy")&C522 -> 02/12/2025Maternity | L522: =VLOOKUP(K522, Sheet2!$A$2:$B$4186, 2,FALSE) -> #N/A | M522: =VLOOKUP(C522,Depts!$B$1:$D$16,3,FALSE) -> 34 | N522: =ISNUMBER(D522) -> TRUE
A523: 644 | B523: 705 | C523: Orthopaedics | D523: 45994 | E523: 45999 | F523: Elective | G523: 5 | H523: 16 | I523: Discharged | J523: =G523*(H523/30) -> 2.6666667 | K523: =TEXT(D523, "dd/mm/yyyy")&C523 -> 03/12/2025Orthopaedics | L523: =VLOOKUP(K523, Sheet2!$A$2:$B$4186, 2,FALSE) -> #N/A | M523: =VLOOKUP(C523,Depts!$B$1:$D$16,3,FALSE) -> 40 | N523: =ISNUMBER(D523) -> TRUE
A524: 645 | B524: 435 | C524: Paediatrics | D524: 45994 | E524: 45996 | F524: Emergency | G524: 2 | H524: 148 | I524: Discharged | J524: =G524*(H524/30) -> 9.8666667 | K524: =TEXT(D524, "dd/mm/yyyy")&C524 -> 03/12/2025Paediatrics | L524: =VLOOKUP(K524, Sheet2!$A$2:$B$4186, 2,FALSE) -> #N/A | M524: =VLOOKUP(C524,Depts!$B$1:$D$16,3,FALSE) -> 30 | N524: =ISNUMBER(D524) -> TRUE
A525: 646 | B525: 882 | C525: Gastroenterology | D525: 45995 | E525: 46000 | F525: Elective | G525: 5 | H525: 4 | I525: Discharged | J525: =G525*(H525/30) -> 0.66666667 | K525: =TEXT(D525, "dd/mm/yyyy")&C525 -> 04/12/2025Gastroenterology | L525: =VLOOKUP(K525, Sheet2!$A$2:$B$4186, 2,FALSE) -> #N/A | M525: =VLOOKUP(C525,Depts!$B$1:$D$16,3,FALSE) -> 29 | N525: =ISNUMBER(D525) -> TRUE
A526: 647 | B526: 564 | C526: ENT | D526: 45996 | E526: 45998 | F526: Emergency | G526: 2 | H526: 126 | I526: Transferred | J526: =G526*(H526/30) -> 8.4 | K526: =TEXT(D526, "dd/mm/yyyy")&C526 -> 05/12/2025ENT | L526: =VLOOKUP(K526, Sheet2!$A$2:$B$4186, 2,FALSE) -> #N/A | M526: =VLOOKUP(C526,Depts!$B$1:$D$16,3,FALSE) -> 20 | N526: =ISNUMBER(D526) -> TRUE
A527: 648 | B527: 306 | C527: Geriatrics | D527: 45996 | E527: 46002 | F527: Elective | G527: 6 | H527: 42 | I527: Discharged | J527: =G527*(H527/30) -> 8.4 | K527: =TEXT(D527, "dd/mm/yyyy")&C527 -> 05/12/2025Geriatrics | L527: =VLOOKUP(K527, Sheet2!$A$2:$B$4186, 2,FALSE) -> #N/A | M527: =VLOOKUP(C527,Depts!$B$1:$D$16,3,FALSE) -> 46 | N527: =ISNUMBER(D527) -> TRUE
A528: 649 | B528: 263 | C528: Respiratory | D528: 45997 | E528: 45999 | F528: Emergency | G528: 2 | H528: 40 | I528: Discharged | J528: =G528*(H528/30) -> 2.6666667 | K528: =TEXT(D528, "dd/mm/yyyy")&C528 -> 06/12/2025Respiratory | L528: =VLOOKUP(K528, Sheet2!$A$2:$B$4186, 2,FALSE) -> #N/A | M528: =VLOOKUP(C528,Depts!$B$1:$D$16,3,FALSE) -> 36 | N528: =ISNUMBER(D528) -> TRUE
A529: 650 | B529: 813 | C529: General Surgery | D529: 45998 | E529: 46003 | F529: Elective | G529: 5 | H529: 44 | I529: Discharged | J529: =G529*(H529/30) -> 7.3333333 | K529: =TEXT(D529, "dd/mm/yyyy")&C529 -> 07/12/2025General Surgery | L529: =VLOOKUP(K529, Sheet2!$A$2:$B$4186, 2,FALSE) -> #N/A | M529: =VLOOKUP(C529,Depts!$B$1:$D$16,3,FALSE) -> 44 | N529: =ISNUMBER(D529) -> TRUE
A530: 651 | B530: 758 | C530: Cardiology | D530: 45998 | E530: 46001 | F530: Transfer | G530: 3 | H530: 41 | I530: Discharged | J530: =G530*(H530/30) -> 4.1 | K530: =TEXT(D530, "dd/mm/yyyy")&C530 -> 07/12/2025Cardiology | L530: =VLOOKUP(K530, Sheet2!$A$2:$B$4186, 2,FALSE) -> #N/A | M530: =VLOOKUP(C530,Depts!$B$1:$D$16,3,FALSE) -> 38 | N530: =ISNUMBER(D530) -> TRUE
A531: 652 | B531: 874 | C531: Oncology | D531: 45999 | E531: 46004 | F531: Elective | G531: 5 | H531: 20 | I531: Transferred | J531: =G531*(H531/30) -> 3.3333333 | K531: =TEXT(D531, "dd/mm/yyyy")&C531 -> 08/12/2025Oncology | L531: =VLOOKUP(K531, Sheet2!$A$2:$B$4186, 2,FALSE) -> #N/A | M531: =VLOOKUP(C531,Depts!$B$1:$D$16,3,FALSE) -> 28 | N531: =ISNUMBER(D531) -> TRUE
... A645: 827 | B645: 155 | C645: A&E (Emergency) | D645: 46076 | E645: 46077 | F645: Emergency | G645: 1 | H645: 36 | I645: Discharged | J645: =G645*(H645/30) -> 1.2 | K645: =TEXT(D645, "dd/mm/yyyy")&C645 -> 23/02/2026A&E (Emergency) | L645: =VLOOKUP(K645, Sheet2!$A$2:$B$4186, 2,FALSE) -> #N/A | M645: =VLOOKUP(C645,Depts!$B$1:$D$16,3,FALSE) -> 42 | N645: =ISNUMBER(D645) -> TRUE
A646: 828 | B646: 881 | C646: Renal Medicine | D646: 46077 | E646: 29/02/2026 | F646: Elective | G646: 5 | H646: 22 | I646: Discharged | J646: =G646*(H646/30) -> 3.6666667 | K646: =TEXT(D646, "dd/mm/yyyy")&C646 -> 24/02/2026Renal Medicine | L646: =VLOOKUP(K646, Sheet2!$A$2:$B$4186, 2,FALSE) -> #N/A | M646: =VLOOKUP(C646,Depts!$B$1:$D$16,3,FALSE) -> 26 | N646: =ISNUMBER(D646) -> TRUE
A647: 829 | B647: 102 | C647: Neurology | D647: 46078 | E647: 46084 | F647: Elective | G647: 6 | H647: 55 | I647: Discharged | J647: =G647*(H647/30) -> 11 | K647: =TEXT(D647, "dd/mm/yyyy")&C647 -> 25/02/2026Neurology | L647: =VLOOKUP(K647, Sheet2!$A$2:$B$4186, 2,FALSE) -> #N/A | M647: =VLOOKUP(C647,Depts!$B$1:$D$16,3,FALSE) -> 32 | N647: =ISNUMBER(D647) -> TRUE
A648: 830 | B648: 342 | C648: Maternity | D648: 46078 | E648: 46080 | F648: Emergency | G648: 2 | H648: 27 | I648: Discharged | J648: =G648*(H648/30) -> 1.8 | K648: =TEXT(D648, "dd/mm/yyyy")&C648 -> 25/02/2026Maternity | L648: =VLOOKUP(K648, Sheet2!$A$2:$B$4186, 2,FALSE) -> #N/A | M648: =VLOOKUP(C648,Depts!$B$1:$D$16,3,FALSE) -> 34 | N648: =ISNUMBER(D648) -> TRUE
A649: 831 | B649: 189 | C649: Orthopaedics | D649: 46079 | E649: 46084 | F649: Elective | G649: 5 | H649: 54 | I649: Discharged | J649: =G649*(H649/30) -> 9 | K649: =TEXT(D649, "dd/mm/yyyy")&C649 -> 26/02/2026Orthopaedics | L649: =VLOOKUP(K649, Sheet2!$A$2:$B$4186, 2,FALSE) -> #N/A | M649: =VLOOKUP(C649,Depts!$B$1:$D$16,3,FALSE) -> 40 | N649: =ISNUMBER(D649) -> TRUE
A650: 832 | B650: 836 | C650: Paediatrics | D650: 46079 | E650: 46081 | F650: Emergency | G650: 2 | H650: 44 | I650: Discharged | J650: =G650*(H650/30) -> 2.9333333 | K650: =TEXT(D650, "dd/mm/yyyy")&C650 -> 26/02/2026Paediatrics | L650: =VLOOKUP(K650, Sheet2!$A$2:$B$4186, 2,FALSE) -> #N/A | M650: =VLOOKUP(C650,Depts!$B$1:$D$16,3,FALSE) -> 30 | N650: =ISNUMBER(D650) -> TRUE
A651: 833 | B651: 14 | C651: Gastroenterology | D651: 46080 | E651: 46085 | F651: Elective | G651: 5 | H651: 31 | I651: Discharged | J651: =G651*(H651/30) -> 5.1666667 | K651: =TEXT(D651, "dd/mm/yyyy")&C651 -> 27/02/2026Gastroenterology | L651: =VLOOKUP(K651, Sheet2!$A$2:$B$4186, 2,FALSE) -> #N/A | M651: =VLOOKUP(C651,Depts!$B$1:$D$16,3,FALSE) -> 29 | N651: =ISNUMBER(D651) -> TRUE
A652: 834 | B652: 449 | C652: ENT | D652: 46081 | E652: 46083 | F652: Emergency | G652: 2 | H652: 36 | I652: Discharged | J652: =G652*(H652/30) -> 2.4 | K652: =TEXT(D652, "dd/mm/yyyy")&C652 -> 28/02/2026ENT | L652: =VLOOKUP(K652, Sheet2!$A$2:$B$4186, 2,FALSE) -> #N/A | M652: =VLOOKUP(C652,Depts!$B$1:$D$16,3,FALSE) -> 20 | N652: =ISNUMBER(D652) -> TRUE
A653: 835 | B653: 93 | C653: Geriatrics | D653: 46081 | E653: 46087 | F653: Elective | G653: 6 | H653: 36 | I653: Discharged | J653: =G653*(H653/30) -> 7.2 | K653: =TEXT(D653, "dd/mm/yyyy")&C653 -> 28/02/2026Geriatrics | L653: =VLOOKUP(K653, Sheet2!$A$2:$B$4186, 2,FALSE) -> #N/A | M653: =VLOOKUP(C653,Depts!$B$1:$D$16,3,FALSE) -> 46 | N653: =ISNUMBER(D653) -> TRUE
A654: 836 | B654: 738 | C654: Respiratory | D654: 29/02/2026 | E654: 46083 | F654: Emergency | G654: 2 | H654: 148 | I654: Discharged | J654: =G654*(H654/30) -> 9.8666667 | K654: =TEXT(D654, "dd/mm/yyyy")&C654 -> 29/02/2026Respiratory | L654: =VLOOKUP(K654, Sheet2!$A$2:$B$4186, 2,FALSE) -> #N/A | M654: =VLOOKUP(C654,Depts!$B$1:$D$16,3,FALSE) -> 36 | N654: =ISNUMBER(D654) -> FALSE
A655: 837 | B655: 390 | C655: General Surgery | D655: 46082 | E655: 46087 | F655: Elective | G655: 5 | H655: 43 | I655: Discharged | J655: =G655*(H655/30) -> 7.1666667 | K655: =TEXT(D655, "dd/mm/yyyy")&C655 -> 01/03/2026General Surgery | L655: =VLOOKUP(K655, Sheet2!$A$2:$B$4186, 2,FALSE) -> #N/A | M655: =VLOOKUP(C655,Depts!$B$1:$D$16,3,FALSE) -> 44 | N655: =ISNUMBER(D655) -> TRUE
A656: 838 | B656: 582 | C656: Cardiology | D656: 46082 | E656: 46085 | F656: Transfer | G656: 3 | H656: 36 | I656: Discharged | J656: =G656*(H656/30) -> 3.6 | K656: =TEXT(D656, "dd/mm/yyyy")&C656 -> 01/03/2026Cardiology | L656: =VLOOKUP(K656, Sheet2!$A$2:$B$4186, 2,FALSE) -> #N/A | M656: =VLOOKUP(C656,Depts!$B$1:$D$16,3,FALSE) -> 38 | N656: =ISNUMBER(D656) -> TRUE
A657: 839 | B657: 944 | C657: Oncology | D657: 46083 | E657: 46088 | F657: Elective | G657: 5 | H657: 111 | I657: Discharged | J657: =G657*(H657/30) -> 18.5 | K657: =TEXT(D657, "dd/mm/yyyy")&C657 -> 02/03/2026Oncology | L657: =VLOOKUP(K657, Sheet2!$A$2:$B$4186, 2,FALSE) -> #N/A | M657: =VLOOKUP(C657,Depts!$B$1:$D$16,3,FALSE) -> 28 | N657: =ISNUMBER(D657) -> TRUE
A658: 840 | B658: 659 | C658: A&E (Emergency) | D658: 46083 | E658: 46084 | F658: Emergency | G658: 1 | H658: 15 | I658: Transferred | J658: =G658*(H658/30) -> 0.5 | K658: =TEXT(D658, "dd/mm/yyyy")&C658 -> 02/03/2026A&E (Emergency) | L658: =VLOOKUP(K658, Sheet2!$A$2:$B$4186, 2,FALSE) -> #N/A | M658: =VLOOKUP(C658,Depts!$B$1:$D$16,3,FALSE) -> 42 | N658: =ISNUMBER(D658) -> TRUE
A659: 841 | B659: 126 | C659: Renal Medicine | D659: 46084 | E659: 46089 | F659: Elective | G659: 5 | H659: 4 | I659: Discharged | J659: =G659*(H659/30) -> 0.66666667 | K659: =TEXT(D659, "dd/mm/yyyy")&C659 -> 03/03/2026Renal Medicine | L659: =VLOOKUP(K659, Sheet2!$A$2:$B$4186, 2,FALSE) -> #N/A | M659: =VLOOKUP(C659,Depts!$B$1:$D$16,3,FALSE) -> 26 | N659: =ISNUMBER(D659) -> TRUE
A660: 842 | B660: 50 | C660: Neurology | D660: 46085 | E660: 46091 | F660: Elective | G660: 6 | H660: 63 | I660: Transferred | J660: =G660*(H660/30) -> 12.6 | K660: =TEXT(D660, "dd/mm/yyyy")&C660 -> 04/03/2026Neurology | L660: =VLOOKUP(K660, Sheet2!$A$2:$B$4186, 2,FALSE) -> #N/A | M660: =VLOOKUP(C660,Depts!$B$1:$D$16,3,FALSE) -> 32 | N660: =ISNUMBER(D660) -> TRUE
A661: 843 | B661: 300 | C661: Maternity | D661: 46085 | E661: 46087 | F661: Emergency | G661: 2 | H661: 21 | I661: Discharged | J661: =G661*(H661/30) -> 1.4 | K661: =TEXT(D661, "dd/mm/yyyy")&C661 -> 04/03/2026Maternity | L661: =VLOOKUP(K661, Sheet2!$A$2:$B$4186, 2,FALSE) -> #N/A | M661: =VLOOKUP(C661,Depts!$B$1:$D$16,3,FALSE) -> 34 | N661: =ISNUMBER(D661) -> TRUE
A662: 844 | B662: 705 | C662: Orthopaedics | D662: 46086 | E662: 46091 | F662: Elective | G662: 5 | H662: 25 | I662: Discharged | J662: =G662*(H662/30) -> 4.1666667 | K662: =TEXT(D662, "dd/mm/yyyy")&C662 -> 05/03/2026Orthopaedics | L662: =VLOOKUP(K662, Sheet2!$A$2:$B$4186, 2,FALSE) -> #N/A | M662: =VLOOKUP(C662,Depts!$B$1:$D$16,3,FALSE) -> 40 | N662: =ISNUMBER(D662) -> TRUE
A663: 845 | B663: 435 | C663: Paediatrics | D663: 46086 | E663: 46088 | F663: Emergency | G663: 2 | H663: 43 | I663: Discharged | J663: =G663*(H663/30) -> 2.8666667 | K663: =TEXT(D663, "dd/mm/yyyy")&C663 -> 05/03/2026Paediatrics | L663: =VLOOKUP(K663, Sheet2!$A$2:$B$4186, 2,FALSE) -> #N/A | M663: =VLOOKUP(C663,Depts!$B$1:$D$16,3,FALSE) -> 30 | N663: =ISNUMBER(D663) -> TRUE
A664: 846 | B664: 882 | C664: Gastroenterology | D664: 46087 | E664: 46092 | F664: Elective | G664: 5 | H664: 110 | I664: Discharged | J664: =G664*(H664/30) -> 18.333333 | K664: =TEXT(D664, "dd/mm/yyyy")&C664 -> 06/03/2026Gastroenterology | L664: =VLOOKUP(K664, Sheet2!$A$2:$B$4186, 2,FALSE) -> #N/A | M664: =VLOOKUP(C664,Depts!$B$1:$D$16,3,FALSE) -> 29 | N664: =ISNUMBER(D664) -> TRUE
A665: 847 | B665: 564 | C665: ENT | D665: 46088 | E665: 46090 | F665: Emergency | G665: 2 | H665: 44 | I665: Discharged | J665: =G665*(H665/30) -> 2.9333333 | K665: =TEXT(D665, "dd/mm/yyyy")&C665 -> 07/03/2026ENT | L665: =VLOOKUP(K665, Sheet2!$A$2:$B$4186, 2,FALSE) -> #N/A | M665: =VLOOKUP(C665,Depts!$B$1:$D$16,3,FALSE) -> 20 | N665: =ISNUMBER(D665) -> TRUE
A666: 848 | B666: 306 | C666: Geriatrics | D666: 46088 | E666: 46094 | F666: Elective | G666: 6 | H666: 44 | I666: Discharged | J666: =G666*(H666/30) -> 8.8 | K666: =TEXT(D666, "dd/mm/yyyy")&C666 -> 07/03/2026Geriatrics | L666: =VLOOKUP(K666, Sheet2!$A$2:$B$4186, 2,FALSE) -> #N/A | M666: =VLOOKUP(C666,Depts!$B$1:$D$16,3,FALSE) -> 46 | N666: =ISNUMBER(D666) -> TRUE
... A743: 925 | B743: 481 | C743: ENT | D743: 46137 | E743: 46139 | F743: Emergency | G743: 2 | H743: 12 | I743: Discharged | J743: =G743*(H743/30) -> 0.8 | K743: =TEXT(D743, "dd/mm/yyyy")&C743 -> 25/04/2026ENT | L743: =VLOOKUP(K743, Sheet2!$A$2:$B$4186, 2,FALSE) -> #N/A | M743: =VLOOKUP(C743,Depts!$B$1:$D$16,3,FALSE) -> 20 | N743: =ISNUMBER(D743) -> TRUE
A744: 926 | B744: 829 | C744: Geriatrics | D744: 46137 | E744: 31/04/2026 | F744: Elective | G744: 6 | H744: 36 | I744: Discharged | J744: =G744*(H744/30) -> 7.2 | K744: =TEXT(D744, "dd/mm/yyyy")&C744 -> 25/04/2026Geriatrics | L744: =VLOOKUP(K744, Sheet2!$A$2:$B$4186, 2,FALSE) -> #N/A | M744: =VLOOKUP(C744,Depts!$B$1:$D$16,3,FALSE) -> 46 | N744: =ISNUMBER(D744) -> TRUE
A745: 927 | B745: 540 | C745: Respiratory | D745: 46138 | E745: 46140 | F745: Emergency | G745: 2 | H745: 24 | I745: Discharged | J745: =G745*(H745/30) -> 1.6 | K745: =TEXT(D745, "dd/mm/yyyy")&C745 -> 26/04/2026Respiratory | L745: =VLOOKUP(K745, Sheet2!$A$2:$B$4186, 2,FALSE) -> #N/A | M745: =VLOOKUP(C745,Depts!$B$1:$D$16,3,FALSE) -> 36 | N745: =ISNUMBER(D745) -> TRUE
A746: 928 | B746: 196 | C746: General Surgery | D746: 46139 | E746: 46143 | F746: Elective | G746: 5 | H746: 232 | I746: Discharged | J746: =G746*(H746/30) -> 38.666667 | K746: =TEXT(D746, "dd/mm/yyyy")&C746 -> 27/04/2026General Surgery | L746: =VLOOKUP(K746, Sheet2!$A$2:$B$4186, 2,FALSE) -> #N/A | M746: =VLOOKUP(C746,Depts!$B$1:$D$16,3,FALSE) -> 44 | N746: =ISNUMBER(D746) -> TRUE
A747: 929 | B747: 571 | C747: Cardiology | D747: 46139 | E747: 46142 | F747: Transfer | G747: 3 | H747: 27 | I747: Discharged | J747: =G747*(H747/30) -> 2.7 | K747: =TEXT(D747, "dd/mm/yyyy")&C747 -> 27/04/2026Cardiology | L747: =VLOOKUP(K747, Sheet2!$A$2:$B$4186, 2,FALSE) -> #N/A | M747: =VLOOKUP(C747,Depts!$B$1:$D$16,3,FALSE) -> 38 | N747: =ISNUMBER(D747) -> TRUE
A748: 930 | B748: 389 | C748: Oncology | D748: 46140 | E748: 46145 | F748: Elective | G748: 5 | H748: 31 | I748: Discharged | J748: =G748*(H748/30) -> 5.1666667 | K748: =TEXT(D748, "dd/mm/yyyy")&C748 -> 28/04/2026Oncology | L748: =VLOOKUP(K748, Sheet2!$A$2:$B$4186, 2,FALSE) -> #N/A | M748: =VLOOKUP(C748,Depts!$B$1:$D$16,3,FALSE) -> 28 | N748: =ISNUMBER(D748) -> TRUE
A749: 931 | B749: 155 | C749: A&E (Emergency) | D749: 46140 | E749: 46141 | F749: Emergency | G749: 1 | H749: 16 | I749: Discharged | J749: =G749*(H749/30) -> 0.53333333 | K749: =TEXT(D749, "dd/mm/yyyy")&C749 -> 28/04/2026A&E (Emergency) | L749: =VLOOKUP(K749, Sheet2!$A$2:$B$4186, 2,FALSE) -> #N/A | M749: =VLOOKUP(C749,Depts!$B$1:$D$16,3,FALSE) -> 42 | N749: =ISNUMBER(D749) -> TRUE
A750: 932 | B750: 881 | C750: Renal Medicine | D750: 46141 | E750: 46146 | F750: Elective | G750: 5 | H750: 22 | I750: Discharged | J750: =G750*(H750/30) -> 3.6666667 | K750: =TEXT(D750, "dd/mm/yyyy")&C750 -> 29/04/2026Renal Medicine | L750: =VLOOKUP(K750, Sheet2!$A$2:$B$4186, 2,FALSE) -> #N/A | M750: =VLOOKUP(C750,Depts!$B$1:$D$16,3,FALSE) -> 26 | N750: =ISNUMBER(D750) -> TRUE
A751: 933 | B751: 102 | C751: Neurology | D751: 46142 | E751: 46148 | F751: Elective | G751: 6 | H751: 118 | I751: Discharged | J751: =G751*(H751/30) -> 23.6 | K751: =TEXT(D751, "dd/mm/yyyy")&C751 -> 30/04/2026Neurology | L751: =VLOOKUP(K751, Sheet2!$A$2:$B$4186, 2,FALSE) -> #N/A | M751: =VLOOKUP(C751,Depts!$B$1:$D$16,3,FALSE) -> 32 | N751: =ISNUMBER(D751) -> TRUE
A752: 934 | B752: 342 | C752: Maternity | D752: 46142 | E752: 46144 | F752: Emergency | G752: 2 | H752: 44 | I752: Discharged | J752: =G752*(H752/30) -> 2.9333333 | K752: =TEXT(D752, "dd/mm/yyyy")&C752 -> 30/04/2026Maternity | L752: =VLOOKUP(K752, Sheet2!$A$2:$B$4186, 2,FALSE) -> #N/A | M752: =VLOOKUP(C752,Depts!$B$1:$D$16,3,FALSE) -> 34 | N752: =ISNUMBER(D752) -> TRUE
A753: 935 | B753: 189 | C753: Orthopaedics | D753: 31/04/2026 | E753: 46147 | F753: Elective | G753: 5 | H753: 4 | I753: Transferred | J753: =G753*(H753/30) -> 0.66666667 | K753: =TEXT(D753, "dd/mm/yyyy")&C753 -> 31/04/2026Orthopaedics | L753: =VLOOKUP(K753, Sheet2!$A$2:$B$4186, 2,FALSE) -> #N/A | M753: =VLOOKUP(C753,Depts!$B$1:$D$16,3,FALSE) -> 40 | N753: =ISNUMBER(D753) -> FALSE
A754: 936 | B754: 836 | C754: Paediatrics | D754: 31/04/2026 | E754: 46144 | F754: Emergency | G754: 2 | H754: 190 | I754: Discharged | J754: =G754*(H754/30) -> 12.666667 | K754: =TEXT(D754, "dd/mm/yyyy")&C754 -> 31/04/2026Paediatrics | L754: =VLOOKUP(K754, Sheet2!$A$2:$B$4186, 2,FALSE) -> #N/A | M754: =VLOOKUP(C754,Depts!$B$1:$D$16,3,FALSE) -> 30 | N754: =ISNUMBER(D754) -> FALSE
A755: 937 | B755: 14 | C755: Gastroenterology | D755: 46143 | E755: 46148 | F755: Elective | G755: 5 | H755: 13 | I755: Discharged | J755: =G755*(H755/30) -> 2.1666667 | K755: =TEXT(D755, "dd/mm/yyyy")&C755 -> 01/05/2026Gastroenterology | L755: =VLOOKUP(K755, Sheet2!$A$2:$B$4186, 2,FALSE) -> #N/A | M755: =VLOOKUP(C755,Depts!$B$1:$D$16,3,FALSE) -> 29 | N755: =ISNUMBER(D755) -> TRUE
A756: 938 | B756: 449 | C756: ENT | D756: 46144 | E756: 46146 | F756: Emergency | G756: 2 | H756: 126 | I756: Discharged | J756: =G756*(H756/30) -> 8.4 | K756: =TEXT(D756, "dd/mm/yyyy")&C756 -> 02/05/2026ENT | L756: =VLOOKUP(K756, Sheet2!$A$2:$B$4186, 2,FALSE) -> #N/A | M756: =VLOOKUP(C756,Depts!$B$1:$D$16,3,FALSE) -> 20 | N756: =ISNUMBER(D756) -> TRUE
A757: 939 | B757: 93 | C757: Geriatrics | D757: 46144 | E757: 46150 | F757: Elective | G757: 6 | H757: 44 | I757: Discharged | J757: =G757*(H757/30) -> 8.8 | K757: =TEXT(D757, "dd/mm/yyyy")&C757 -> 02/05/2026Geriatrics | L757: =VLOOKUP(K757, Sheet2!$A$2:$B$4186, 2,FALSE) -> #N/A | M757: =VLOOKUP(C757,Depts!$B$1:$D$16,3,FALSE) -> 46 | N757: =ISNUMBER(D757) -> TRUE
A758: 940 | B758: 738 | C758: Respiratory | D758: 46145 | E758: 46147 | F758: Emergency | G758: 2 | H758: 118 | I758: Discharged | J758: =G758*(H758/30) -> 7.8666667 | K758: =TEXT(D758, "dd/mm/yyyy")&C758 -> 03/05/2026Respiratory | L758: =VLOOKUP(K758, Sheet2!$A$2:$B$4186, 2,FALSE) -> #N/A | M758: =VLOOKUP(C758,Depts!$B$1:$D$16,3,FALSE) -> 36 | N758: =ISNUMBER(D758) -> TRUE
A759: 941 | B759: 390 | C759: General Surgery | D759: 46146 | E759: 46151 | F759: Elective | G759: 5 | H759: 22 | I759: Discharged | J759: =G759*(H759/30) -> 3.6666667 | K759: =TEXT(D759, "dd/mm/yyyy")&C759 -> 04/05/2026General Surgery | L759: =VLOOKUP(K759, Sheet2!$A$2:$B$4186, 2,FALSE) -> #N/A | M759: =VLOOKUP(C759,Depts!$B$1:$D$16,3,FALSE) -> 44 | N759: =ISNUMBER(D759) -> TRUE
A760: 942 | B760: 582 | C760: Cardiology | D760: 46146 | E760: 46149 | F760: Transfer | G760: 3 | H760: 42 | I760: Transferred | J760: =G760*(H760/30) -> 4.2 | K760: =TEXT(D760, "dd/mm/yyyy")&C760 -> 04/05/2026Cardiology | L760: =VLOOKUP(K760, Sheet2!$A$2:$B$4186, 2,FALSE) -> #N/A | M760: =VLOOKUP(C760,Depts!$B$1:$D$16,3,FALSE) -> 38 | N760: =ISNUMBER(D760) -> TRUE
A761: 943 | B761: 944 | C761: Oncology | D761: 46147 | E761: 46152 | F761: Elective | G761: 5 | H761: 42 | I761: Transferred | J761: =G761*(H761/30) -> 7 | K761: =TEXT(D761, "dd/mm/yyyy")&C761 -> 05/05/2026Oncology | L761: =VLOOKUP(K761, Sheet2!$A$2:$B$4186, 2,FALSE) -> #N/A | M761: =VLOOKUP(C761,Depts!$B$1:$D$16,3,FALSE) -> 28 | N761: =ISNUMBER(D761) -> TRUE
A762: 944 | B762: 659 | C762: A&E (Emergency) | D762: 46147 | E762: 46148 | F762: Emergency | G762: 1 | H762: 111 | I762: Discharged | J762: =G762*(H762/30) -> 3.7 | K762: =TEXT(D762, "dd/mm/yyyy")&C762 -> 05/05/2026A&E (Emergency) | L762: =VLOOKUP(K762, Sheet2!$A$2:$B$4186, 2,FALSE) -> #N/A | M762: =VLOOKUP(C762,Depts!$B$1:$D$16,3,FALSE) -> 42 | N762: =ISNUMBER(D762) -> TRUE
A763: 945 | B763: 126 | C763: Renal Medicine | D763: 46148 | E763: 46153 | F763: Elective | G763: 5 | H763: 42 | I763: Discharged | J763: =G763*(H763/30) -> 7 | K763: =TEXT(D763, "dd/mm/yyyy")&C763 -> 06/05/2026Renal Medicine | L763: =VLOOKUP(K763, Sheet2!$A$2:$B$4186, 2,FALSE) -> #N/A | M763: =VLOOKUP(C763,Depts!$B$1:$D$16,3,FALSE) -> 26 | N763: =ISNUMBER(D763) -> TRUE
A764: 946 | B764: 50 | C764: Neurology | D764: 46149 | E764: 46155 | F764: Elective | G764: 6 | H764: 1 | I764: Transferred | J764: =G764*(H764/30) -> 0.2 | K764: =TEXT(D764, "dd/mm/yyyy")&C764 -> 07/05/2026Neurology | L764: =VLOOKUP(K764, Sheet2!$A$2:$B$4186, 2,FALSE) -> #N/A | M764: =VLOOKUP(C764,Depts!$B$1:$D$16,3,FALSE) -> 32 | N764: =ISNUMBER(D764) -> TRUE
A765: 947 | B765: 300 | C765: Maternity | D765: 46149 | E765: 46151 | F765: Emergency | G765: 2 | H765: 10 | I765: Discharged | J765: =G765*(H765/30) -> 0.66666667 | K765: =TEXT(D765, "dd/mm/yyyy")&C765 -> 07/05/2026Maternity | L765: =VLOOKUP(K765, Sheet2!$A$2:$B$4186, 2,FALSE) -> #N/A | M765: =VLOOKUP(C765,Depts!$B$1:$D$16,3,FALSE) -> 34 | N765: =ISNUMBER(D765) -> TRUE
A766: 948 | B766: 705 | C766: Orthopaedics | D766: 46150 | E766: 46155 | F766: Elective | G766: 5 | H766: 41 | I766: Discharged | J766: =G766*(H766/30) -> 6.8333333 | K766: =TEXT(D766, "dd/mm/yyyy")&C766 -> 08/05/2026Orthopaedics | L766: =VLOOKUP(K766, Sheet2!$A$2:$B$4186, 2,FALSE) -> #N/A | M766: =VLOOKUP(C766,Depts!$B$1:$D$16,3,FALSE) -> 40 | N766: =ISNUMBER(D766) -> TRUE
... A818: 1000 | B818: 129 | C818: Orthopaedics | D818: 46270 | E818: 46275 | F818: Elective | G818: 5 | H818: 44 | I818: Discharged | J818: =G818*(H818/30) -> 7.3333333 | K818: =TEXT(D818, "dd/mm/yyyy")&C818 -> 05/09/2026Orthopaedics | L818: =VLOOKUP(K818, Sheet2!$A$2:$B$4186, 2,FALSE) -> #N/A | M818: =VLOOKUP(C818,Depts!$B$1:$D$16,3,FALSE) -> 40 | N818: =ISNUMBER(D818) -> TRUE

Sheet Depts
A1: DepartmentID | B1: DepartmentName | C1: Ward | D1: BedsAvailable | E1: Region | L1: DepartmentName | N1: BedsAvailable
A2: 1 | B2: A&E (Emergency) | C2: Emergency Ward | D2: 42 | E2: London | L2: A&E (Emergency) | N2: 42
A3: 2 | B3: Cardiology | C3: Heart Ward | D3: 38 | E3: South East | L3: Cardiology | N3: 38
A4: 3 | B4: Respiratory | C4: Respiratory Ward | D4: 36 | E4: Midlands | L4: Respiratory | N4: 36
A5: 4 | B5: General Surgery | C5: Surgery Ward 1 | D5: 44 | E5: North West | L5: General Surgery | N5: 44
A6: 5 | B6: Orthopaedics | C6: Ortho Ward | D6: 40 | E6: East of England | L6: Orthopaedics | N6: 40
A7: 6 | B7: Neurology | C7: Neuro Ward | D7: 32 | E7: London | L7: Neurology | N7: 32
A8: 7 | B8: Oncology | C8: Cancer Care Ward | D8: 28 | E8: South West | L8: Oncology | N8: 28
A9: 8 | B9: Paediatrics | C9: Children's Ward | D9: 30 | E9: North East & Yorkshire | L9: Paediatrics | N9: 30
A10: 9 | B10: Maternity | C10: Maternity Ward | D10: 34 | E10: South East | L10: Maternity | N10: 34
A11: 10 | B11: Renal Medicine | C11: Renal Ward | D11: 26 | E11: Midlands | L11: Renal Medicine | N11: 26
A12: 11 | B12: Gastroenterology | C12: GI Ward | D12: 29 | E12: North West | L12: Gastroenterology | N12: 29
A13: 12 | B13: Endocrinology | C13: Endocrine Ward | D13: 22 | E13: East of England | L13: Endocrinology | N13: 22
... A16: 15 | B16: Geriatrics | C16: Elderly Care Ward | D16: 46 | E16: London | L16: Geriatrics | N16: 46

Sheet StaffingLevels
A1: Date | B1: DepartmentID | C1: StaffOnDuty | D1: Lookupkey
A2: 45658 | B2: A&E (Emergency) | C2: 24 | D2: =TEXT(A2, "dd/mm/yyyy")&B2 -> 01/01/2025A&E (Emergency)
A3: 45658 | B3: Cardiology | C3: 16 | D3: =TEXT(A3, "dd/mm/yyyy")&B3 -> 01/01/2025Cardiology
A4: 45658 | B4: Respiratory | C4: 12 | D4: =TEXT(A4, "dd/mm/yyyy")&B4 -> 01/01/2025Respiratory
A5: 45658 | B5: General Surgery | C5: 19 | D5: =TEXT(A5, "dd/mm/yyyy")&B5 -> 01/01/2025General Surgery
A6: 45658 | B6: Orthopaedics | C6: 14 | D6: =TEXT(A6, "dd/mm/yyyy")&B6 -> 01/01/2025Orthopaedics
A7: 45658 | B7: Neurology | C7: 12 | D7: =TEXT(A7, "dd/mm/yyyy")&B7 -> 01/01/2025Neurology
A8: 45658 | B8: Oncology | C8: 17 | D8: =TEXT(A8, "dd/mm/yyyy")&B8 -> 01/01/2025Oncology
A9: 45658 | B9: Paediatrics | C9: 11 | D9: =TEXT(A9, "dd/mm/yyyy")&B9 -> 01/01/2025Paediatrics
A10: 45658 | B10: Maternity | C10: 12 | D10: =TEXT(A10, "dd/mm/yyyy")&B10 -> 01/01/2025Maternity
A11: 45658 | B11: Renal Medicine | C11: 20 | D11: =TEXT(A11, "dd/mm/yyyy")&B11 -> 01/01/2025Renal Medicine
A12: 45658 | B12: Gastroenterology | C12: 10 | D12: =TEXT(A12, "dd/mm/yyyy")&B12 -> 01/01/2025Gastroenterology
A13: 45658 | B13: Endocrinology | C13: 8 | D13: =TEXT(A13, "dd/mm/yyyy")&B13 -> 01/01/2025Endocrinology
... A4186: 45922 | B4186: Geriatrics | C4186: 16 | D4186: =TEXT(A4186, "dd/mm/yyyy")&B4186 -> 22/09/2025Geriatrics

Sheet Sheet2
A1: Lookupkey | B1: StaffOnDuty
A2: 01/01/2025A&E (Emergency) | B2: 24
A3: 01/01/2025Cardiology | B3: 16
A4: 01/01/2025Respiratory | B4: 12
A5: 01/01/2025General Surgery | B5: 19
A6: 01/01/2025Orthopaedics | B6: 14
A7: 01/01/2025Neurology | B7: 12
A8: 01/01/2025Oncology | B8: 17
A9: 01/01/2025Paediatrics | B9: 11
A10: 01/01/2025Maternity | B10: 12
A11: 01/01/2025Renal Medicine | B11: 20
A12: 01/01/2025Gastroenterology | B12: 10
A13: 01/01/2025Endocrinology | B13: 8
... A4186: 22/09/2025Geriatrics | B4186: 16
